﻿<?xml version="1.0" encoding="utf-8"?>
<publishData>
  <publishProfile publishUrl="E:\Publicacao" deleteExistingFiles="True" ftpAnonymousLogin="False" ftpPassiveMode="True" msdeploySite="" msdeploySiteID="" msdeployRemoteSitePhysicalPath="" msdeployAllowUntrustedCertificate="False" msdeploySkipExtraFilesOnServer="True" msdeployMarkAsApp="False" profileName="Profile1" publishMethod="FileSystem" replaceMatchingFiles="False" userName="" savePWD="False" userPWD="" SelectedForPublish="True">
    <file relUrl="images/logo.png" publishTime="12/03/2016 14:59:53" />
    <file relUrl="bin/LigaTribal.pdb" publishTime="12/06/2016 21:10:42" />
    <file relUrl="css/bootstrap.min.css" publishTime="12/02/2016 22:16:40" />
    <file relUrl="js/menu.js" publishTime="12/02/2016 22:16:40" />
    <file relUrl="css/bootstrap-theme.min.css" publishTime="12/02/2016 22:16:40" />
    <file relUrl="images/G.png" publishTime="12/03/2016 22:21:35" />
    <file relUrl="EditarDeck.aspx" publishTime="12/06/2016 10:50:34" />
    <file relUrl="bin/Dados.pdb" publishTime="12/06/2016 18:33:44" />
    <file relUrl="Web.config" publishTime="12/06/2016 18:40:08" />
    <file relUrl="js/bootstrap.min.js" publishTime="12/02/2016 22:16:40" />
    <file relUrl="Master.Master" publishTime="12/06/2016 19:49:30" />
    <file relUrl="Ranking.aspx" publishTime="12/06/2016 13:12:46" />
    <file relUrl="Cadastro.aspx" publishTime="12/06/2016 19:50:08" />
    <file relUrl="bin/DAL.dll" publishTime="12/06/2016 18:33:44" />
    <file relUrl="css/dataTables.bootstrap.min.css" publishTime="12/03/2016 15:54:52" />
    <file relUrl="bin/BO.dll" publishTime="12/06/2016 18:56:31" />
    <file relUrl="css/responsive.dataTables.min.css" publishTime="12/03/2016 16:16:14" />
    <file relUrl="js/sweetalert.min.js" publishTime="12/02/2016 22:42:46" />
    <file relUrl="NovoJogo.aspx" publishTime="12/06/2016 10:50:27" />
    <file relUrl="js/dataTables.bootstrap.min.js" publishTime="12/03/2016 15:57:23" />
    <file relUrl="bin/Dados.dll" publishTime="12/06/2016 18:33:44" />
    <file relUrl="images/logo_magic.png" publishTime="12/06/2016 13:36:06" />
    <file relUrl="css/sweetalert.css" publishTime="12/02/2016 22:42:53" />
    <file relUrl="js/jquery.dataTables.min.js" publishTime="12/03/2016 15:47:37" />
    <file relUrl="images/R.png" publishTime="12/03/2016 22:21:35" />
    <file relUrl="Decks.aspx" publishTime="12/06/2016 10:50:34" />
    <file relUrl="NovoDeck.aspx" publishTime="12/06/2016 10:50:34" />
    <file relUrl="images/B.png" publishTime="12/03/2016 22:21:35" />
    <file relUrl="css/bootstrap-theme.css" publishTime="12/02/2016 22:16:40" />
    <file relUrl="bin/BO.pdb" publishTime="12/06/2016 18:56:31" />
    <file relUrl="images/W.png" publishTime="12/03/2016 22:21:35" />
    <file relUrl="js/bootstrap.js" publishTime="12/02/2016 22:16:40" />
    <file relUrl="css/bootstrap.css" publishTime="12/02/2016 22:16:40" />
    <file relUrl="js/dataTables.responsive.min.js" publishTime="12/03/2016 16:16:41" />
    <file relUrl="bin/MySql.Data.dll" publishTime="10/29/2014 17:11:56" />
    <file relUrl="fonts/glyphicons-halflings-regular.svg" publishTime="12/02/2016 22:16:40" />
    <file relUrl="css/jquery.dataTables.min.css" publishTime="12/03/2016 15:48:07" />
    <file relUrl="js/jquery.min.js" publishTime="12/02/2016 22:16:40" />
    <file relUrl="images/U.png" publishTime="12/03/2016 22:21:35" />
    <file relUrl="bin/DAL.pdb" publishTime="12/06/2016 18:33:44" />
    <file relUrl="Index.aspx" publishTime="12/06/2016 15:24:56" />
    <file relUrl="Jogos.aspx" publishTime="12/05/2016 23:11:36" />
    <file relUrl="js/npm.js" publishTime="12/02/2016 22:16:40" />
    <file relUrl="bin/LigaTribal.dll" publishTime="12/06/2016 21:10:42" />
    <file relUrl="Sobre.aspx" publishTime="12/05/2016 19:32:26" />
  </publishProfile>
</publishData>